email,password
test2@test.com,test
test3@test.com,test
test4@test.com,test
test5@test.com,test
test6@test.com,test
test7@test.com,test
test8@test.com,test
test9@test.com,test
test10@test.com,test
test11@test.com,test
test12@test.com,test
test13@test.com,test
test14@test.com,test
test15@test.com,test
test16@test.com,test
test17@test.com,test
test18@test.com,test
test19@test.com,test
test20@test.com,test
test21@test.com,test
test22@test.com,test
test23@test.com,test
test24@test.com,test
test25@test.com,test
test26@test.com,test
test27@test.com,test
test28@test.com,test
test29@test.com,test
test30@test.com,test
test31@test.com,test
test32@test.com,test
test33@test.com,test
test34@test.com,test
test35@test.com,test
test36@test.com,test
test37@test.com,test
test38@test.com,test
test39@test.com,test
test40@test.com,test
test41@test.com,test
test42@test.com,test
test43@test.com,test
test44@test.com,test
test45@test.com,test
test46@test.com,test
test47@test.com,test
test48@test.com,test
test49@test.com,test
test50@test.com,test
test51@test.com,test
test52@test.com,test
test53@test.com,test
test54@test.com,test
test55@test.com,test
test56@test.com,test
test57@test.com,test
test58@test.com,test
test59@test.com,test
test60@test.com,test
test61@test.com,test
test62@test.com,test
test63@test.com,test
test64@test.com,test
test65@test.com,test
test66@test.com,test
test67@test.com,test
test68@test.com,test
test69@test.com,test
test70@test.com,test
test71@test.com,test
test72@test.com,test
test73@test.com,test
test74@test.com,test
test75@test.com,test
test76@test.com,test
test77@test.com,test
test78@test.com,test
test79@test.com,test
test80@test.com,test
test81@test.com,test
test82@test.com,test
test83@test.com,test
test84@test.com,test
test85@test.com,test
test86@test.com,test
test87@test.com,test
test88@test.com,test
test89@test.com,test
test90@test.com,test
test91@test.com,test
test92@test.com,test
test93@test.com,test
test94@test.com,test
test95@test.com,test
test96@test.com,test
test97@test.com,test
test98@test.com,test
test99@test.com,test
test100@test.com,test
test101@test.com,test
test102@test.com,test
test103@test.com,test
test104@test.com,test
test105@test.com,test
test106@test.com,test
test107@test.com,test
test108@test.com,test
test109@test.com,test
test110@test.com,test
test111@test.com,test
test112@test.com,test
test113@test.com,test
test114@test.com,test
test115@test.com,test
test116@test.com,test
test117@test.com,test
test118@test.com,test
test119@test.com,test
test120@test.com,test
test121@test.com,test
test122@test.com,test
test123@test.com,test
test124@test.com,test
test125@test.com,test
test126@test.com,test
test127@test.com,test
test128@test.com,test
test129@test.com,test
test130@test.com,test
test131@test.com,test
test132@test.com,test
test133@test.com,test
test134@test.com,test
test135@test.com,test
test136@test.com,test
test137@test.com,test
test138@test.com,test
test139@test.com,test
test140@test.com,test
test141@test.com,test
test142@test.com,test
test143@test.com,test
test144@test.com,test
test145@test.com,test
test146@test.com,test
test147@test.com,test
test148@test.com,test
test149@test.com,test
test150@test.com,test
test151@test.com,test
test152@test.com,test
test153@test.com,test
test154@test.com,test
test155@test.com,test
test156@test.com,test
test157@test.com,test
test158@test.com,test
test159@test.com,test
test160@test.com,test
test161@test.com,test
test162@test.com,test
test163@test.com,test
test164@test.com,test
test165@test.com,test
test166@test.com,test
test167@test.com,test
test168@test.com,test
test169@test.com,test
test170@test.com,test
test171@test.com,test
test172@test.com,test
test173@test.com,test
test174@test.com,test
test175@test.com,test
test176@test.com,test
test177@test.com,test
test178@test.com,test
test179@test.com,test
test180@test.com,test
test181@test.com,test
test182@test.com,test
test183@test.com,test
test184@test.com,test
test185@test.com,test
test186@test.com,test
test187@test.com,test
test188@test.com,test
test189@test.com,test
test190@test.com,test
test191@test.com,test
test192@test.com,test
test193@test.com,test
test194@test.com,test
test195@test.com,test
test196@test.com,test
test197@test.com,test
test198@test.com,test
test199@test.com,test
test200@test.com,test
test201@test.com,test
test202@test.com,test
test203@test.com,test
test204@test.com,test
test205@test.com,test
test206@test.com,test
test207@test.com,test
test208@test.com,test
test209@test.com,test
test210@test.com,test
test211@test.com,test
test212@test.com,test
test213@test.com,test
test214@test.com,test
test215@test.com,test
test216@test.com,test
test217@test.com,test
test218@test.com,test
test219@test.com,test
test220@test.com,test
test221@test.com,test
test222@test.com,test
test223@test.com,test
test224@test.com,test
test225@test.com,test
test226@test.com,test
test227@test.com,test
test228@test.com,test
test229@test.com,test
test230@test.com,test
test231@test.com,test
test232@test.com,test
test233@test.com,test
test234@test.com,test
test235@test.com,test
test236@test.com,test
test237@test.com,test
test238@test.com,test
test239@test.com,test
test240@test.com,test
test241@test.com,test
test242@test.com,test
test243@test.com,test
test244@test.com,test
test245@test.com,test
test246@test.com,test
test247@test.com,test
test248@test.com,test
test249@test.com,test
test250@test.com,test
test251@test.com,test
test252@test.com,test
test253@test.com,test
test254@test.com,test
test255@test.com,test
test256@test.com,test
test257@test.com,test
test258@test.com,test
test259@test.com,test
test260@test.com,test
test261@test.com,test
test262@test.com,test
test263@test.com,test
test264@test.com,test
test265@test.com,test
test266@test.com,test
test267@test.com,test
test268@test.com,test
test269@test.com,test
test270@test.com,test
test271@test.com,test
test272@test.com,test
test273@test.com,test
test274@test.com,test
test275@test.com,test
test276@test.com,test
test277@test.com,test
test278@test.com,test
test279@test.com,test
test280@test.com,test
test281@test.com,test
test282@test.com,test
test283@test.com,test
test284@test.com,test
test285@test.com,test
test286@test.com,test
test287@test.com,test
test288@test.com,test
test289@test.com,test
test290@test.com,test
test291@test.com,test
test292@test.com,test
test293@test.com,test
test294@test.com,test
test295@test.com,test
test296@test.com,test
test297@test.com,test
test298@test.com,test
test299@test.com,test
test300@test.com,test
test301@test.com,test
test302@test.com,test
test303@test.com,test
test304@test.com,test
test305@test.com,test
test306@test.com,test
test307@test.com,test
test308@test.com,test
test309@test.com,test
test310@test.com,test
test311@test.com,test
test312@test.com,test
test313@test.com,test
test314@test.com,test
test315@test.com,test
test316@test.com,test
test317@test.com,test
test318@test.com,test
test319@test.com,test
test320@test.com,test
test321@test.com,test
test322@test.com,test
test323@test.com,test
test324@test.com,test
test325@test.com,test
test326@test.com,test
test327@test.com,test
test328@test.com,test
test329@test.com,test
test330@test.com,test
test331@test.com,test
test332@test.com,test
test333@test.com,test
test334@test.com,test
test335@test.com,test
test336@test.com,test
test337@test.com,test
test338@test.com,test
test339@test.com,test
test340@test.com,test
test341@test.com,test
test342@test.com,test
test343@test.com,test
test344@test.com,test
test345@test.com,test
test346@test.com,test
test347@test.com,test
test348@test.com,test
test349@test.com,test
test350@test.com,test
test351@test.com,test
test352@test.com,test
test353@test.com,test
test354@test.com,test
test355@test.com,test
test356@test.com,test
test357@test.com,test
test358@test.com,test
test359@test.com,test
test360@test.com,test
test361@test.com,test
test362@test.com,test
test363@test.com,test
test364@test.com,test
test365@test.com,test
test366@test.com,test
test367@test.com,test
test368@test.com,test
test369@test.com,test
test370@test.com,test
test371@test.com,test
test372@test.com,test
test373@test.com,test
test374@test.com,test
test375@test.com,test
test376@test.com,test
test377@test.com,test
test378@test.com,test
test379@test.com,test
test380@test.com,test
test381@test.com,test
test382@test.com,test
test383@test.com,test
test384@test.com,test
test385@test.com,test
test386@test.com,test
test387@test.com,test
test388@test.com,test
test389@test.com,test
test390@test.com,test
test391@test.com,test
test392@test.com,test
test393@test.com,test
test394@test.com,test
test395@test.com,test
test396@test.com,test
test397@test.com,test
test398@test.com,test
test399@test.com,test
test400@test.com,test
test401@test.com,test
test402@test.com,test
test403@test.com,test
test404@test.com,test
test405@test.com,test
test406@test.com,test
test407@test.com,test
test408@test.com,test
test409@test.com,test
test410@test.com,test
test411@test.com,test
test412@test.com,test
test413@test.com,test
test414@test.com,test
test415@test.com,test
test416@test.com,test
test417@test.com,test
test418@test.com,test
test419@test.com,test
test420@test.com,test
test421@test.com,test
test422@test.com,test
test423@test.com,test
test424@test.com,test
test425@test.com,test
test426@test.com,test
test427@test.com,test
test428@test.com,test
test429@test.com,test
test430@test.com,test
test431@test.com,test
test432@test.com,test
test433@test.com,test
test434@test.com,test
test435@test.com,test
test436@test.com,test
test437@test.com,test
test438@test.com,test
test439@test.com,test
test440@test.com,test
test441@test.com,test
test442@test.com,test
test443@test.com,test
test444@test.com,test
test445@test.com,test
test446@test.com,test
test447@test.com,test
test448@test.com,test
test449@test.com,test
test450@test.com,test
test451@test.com,test
test452@test.com,test
test453@test.com,test
test454@test.com,test
test455@test.com,test
test456@test.com,test
test457@test.com,test
test458@test.com,test
test459@test.com,test
test460@test.com,test
test461@test.com,test
test462@test.com,test
test463@test.com,test
test464@test.com,test
test465@test.com,test
test466@test.com,test
test467@test.com,test
test468@test.com,test
test469@test.com,test
test470@test.com,test
test471@test.com,test
test472@test.com,test
test473@test.com,test
test474@test.com,test
test475@test.com,test
test476@test.com,test
test477@test.com,test
test478@test.com,test
test479@test.com,test
test480@test.com,test
test481@test.com,test
test482@test.com,test
test483@test.com,test
test484@test.com,test
test485@test.com,test
test486@test.com,test
test487@test.com,test
test488@test.com,test
test489@test.com,test
test490@test.com,test
test491@test.com,test
test492@test.com,test
test493@test.com,test
test494@test.com,test
test495@test.com,test
test496@test.com,test
test497@test.com,test
test498@test.com,test
test499@test.com,test
test500@test.com,test
test501@test.com,test
test502@test.com,test
test503@test.com,test
test504@test.com,test
test505@test.com,test
test506@test.com,test
test507@test.com,test
test508@test.com,test
test509@test.com,test
test510@test.com,test
test511@test.com,test
test512@test.com,test
test513@test.com,test
test514@test.com,test
test515@test.com,test
test516@test.com,test
test517@test.com,test
test518@test.com,test
test519@test.com,test
test520@test.com,test
test521@test.com,test
test522@test.com,test
test523@test.com,test
test524@test.com,test
test525@test.com,test
test526@test.com,test
test527@test.com,test
test528@test.com,test
test529@test.com,test
test530@test.com,test
test531@test.com,test
test532@test.com,test
test533@test.com,test
test534@test.com,test
test535@test.com,test
test536@test.com,test
test537@test.com,test
test538@test.com,test
test539@test.com,test
test540@test.com,test
test541@test.com,test
test542@test.com,test
test543@test.com,test
test544@test.com,test
test545@test.com,test
test546@test.com,test
test547@test.com,test
test548@test.com,test
test549@test.com,test
test550@test.com,test
test551@test.com,test
test552@test.com,test
test553@test.com,test
test554@test.com,test
test555@test.com,test
test556@test.com,test
test557@test.com,test
test558@test.com,test
test559@test.com,test
test560@test.com,test
test561@test.com,test
test562@test.com,test
test563@test.com,test
test564@test.com,test
test565@test.com,test
test566@test.com,test
test567@test.com,test
test568@test.com,test
test569@test.com,test
test570@test.com,test
test571@test.com,test
test572@test.com,test
test573@test.com,test
test574@test.com,test
test575@test.com,test
test576@test.com,test
test577@test.com,test
test578@test.com,test
test579@test.com,test
test580@test.com,test
test581@test.com,test
test582@test.com,test
test583@test.com,test
test584@test.com,test
test585@test.com,test
test586@test.com,test
test587@test.com,test
test588@test.com,test
test589@test.com,test
test590@test.com,test
test591@test.com,test
test592@test.com,test
test593@test.com,test
test594@test.com,test
test595@test.com,test
test596@test.com,test
test597@test.com,test
test598@test.com,test
test599@test.com,test
test600@test.com,test
test601@test.com,test
test602@test.com,test
test603@test.com,test
test604@test.com,test
test605@test.com,test
test606@test.com,test
test607@test.com,test
test608@test.com,test
test609@test.com,test
test610@test.com,test
test611@test.com,test
test612@test.com,test
test613@test.com,test
test614@test.com,test
test615@test.com,test
test616@test.com,test
test617@test.com,test
test618@test.com,test
test619@test.com,test
test620@test.com,test
test621@test.com,test
test622@test.com,test
test623@test.com,test
test624@test.com,test
test625@test.com,test
test626@test.com,test
test627@test.com,test
test628@test.com,test
test629@test.com,test
test630@test.com,test
test631@test.com,test
test632@test.com,test
test633@test.com,test
test634@test.com,test
test635@test.com,test
test636@test.com,test
test637@test.com,test
test638@test.com,test
test639@test.com,test
test640@test.com,test
test641@test.com,test
test642@test.com,test
test643@test.com,test
test644@test.com,test
test645@test.com,test
test646@test.com,test
test647@test.com,test
test648@test.com,test
test649@test.com,test
test650@test.com,test
test651@test.com,test
test652@test.com,test
test653@test.com,test
test654@test.com,test
test655@test.com,test
test656@test.com,test
test657@test.com,test
test658@test.com,test
test659@test.com,test
test660@test.com,test
test661@test.com,test
test662@test.com,test
test663@test.com,test
test664@test.com,test
test665@test.com,test
test666@test.com,test
test667@test.com,test
test668@test.com,test
test669@test.com,test
test670@test.com,test
test671@test.com,test
test672@test.com,test
test673@test.com,test
test674@test.com,test
test675@test.com,test
test676@test.com,test
test677@test.com,test
test678@test.com,test
test679@test.com,test
test680@test.com,test
test681@test.com,test
test682@test.com,test
test683@test.com,test
test684@test.com,test
test685@test.com,test
test686@test.com,test
test687@test.com,test
test688@test.com,test
test689@test.com,test
test690@test.com,test
test691@test.com,test
test692@test.com,test
test693@test.com,test
test694@test.com,test
test695@test.com,test
test696@test.com,test
test697@test.com,test
test698@test.com,test
test699@test.com,test
test700@test.com,test
test701@test.com,test
test702@test.com,test
test703@test.com,test
test704@test.com,test
test705@test.com,test
test706@test.com,test
test707@test.com,test
test708@test.com,test
test709@test.com,test
test710@test.com,test
test711@test.com,test
test712@test.com,test
test713@test.com,test
test714@test.com,test
test715@test.com,test
test716@test.com,test
test717@test.com,test
test718@test.com,test
test719@test.com,test
test720@test.com,test
test721@test.com,test
test722@test.com,test
test723@test.com,test
test724@test.com,test
test725@test.com,test
test726@test.com,test
test727@test.com,test
test728@test.com,test
test729@test.com,test
test730@test.com,test
test731@test.com,test
test732@test.com,test
test733@test.com,test
test734@test.com,test
test735@test.com,test
test736@test.com,test
test737@test.com,test
test738@test.com,test
test739@test.com,test
test740@test.com,test
test741@test.com,test
test742@test.com,test
test743@test.com,test
test744@test.com,test
test745@test.com,test
test746@test.com,test
test747@test.com,test
test748@test.com,test
test749@test.com,test
test750@test.com,test
test751@test.com,test
test752@test.com,test
test753@test.com,test
test754@test.com,test
test755@test.com,test
test756@test.com,test
test757@test.com,test
test758@test.com,test
test759@test.com,test
test760@test.com,test
test761@test.com,test
test762@test.com,test
test763@test.com,test
test764@test.com,test
test765@test.com,test
test766@test.com,test
test767@test.com,test
test768@test.com,test
test769@test.com,test
test770@test.com,test
test771@test.com,test
test772@test.com,test
test773@test.com,test
test774@test.com,test
test775@test.com,test
test776@test.com,test
test777@test.com,test
test778@test.com,test
test779@test.com,test
test780@test.com,test
test781@test.com,test
test782@test.com,test
test783@test.com,test
test784@test.com,test
test785@test.com,test
test786@test.com,test
test787@test.com,test
test788@test.com,test
test789@test.com,test
test790@test.com,test
test791@test.com,test
test792@test.com,test
test793@test.com,test
test794@test.com,test
test795@test.com,test
test796@test.com,test
test797@test.com,test
test798@test.com,test
test799@test.com,test
test800@test.com,test
test801@test.com,test
test802@test.com,test
test803@test.com,test
test804@test.com,test
test805@test.com,test
test806@test.com,test
test807@test.com,test
test808@test.com,test
test809@test.com,test
test810@test.com,test
test811@test.com,test
test812@test.com,test
test813@test.com,test
test814@test.com,test
test815@test.com,test
test816@test.com,test
test817@test.com,test
test818@test.com,test
test819@test.com,test
test820@test.com,test
test821@test.com,test
test822@test.com,test
test823@test.com,test
test824@test.com,test
test825@test.com,test
test826@test.com,test
test827@test.com,test
test828@test.com,test
test829@test.com,test
test830@test.com,test
test831@test.com,test
test832@test.com,test
test833@test.com,test
test834@test.com,test
test835@test.com,test
test836@test.com,test
test837@test.com,test
test838@test.com,test
test839@test.com,test
test840@test.com,test
test841@test.com,test
test842@test.com,test
test843@test.com,test
test844@test.com,test
test845@test.com,test
test846@test.com,test
test847@test.com,test
test848@test.com,test
test849@test.com,test
test850@test.com,test
test851@test.com,test
test852@test.com,test
test853@test.com,test
test854@test.com,test
test855@test.com,test
test856@test.com,test
test857@test.com,test
test858@test.com,test
test859@test.com,test
test860@test.com,test
test861@test.com,test
test862@test.com,test
test863@test.com,test
test864@test.com,test
test865@test.com,test
test866@test.com,test
test867@test.com,test
test868@test.com,test
test869@test.com,test
test870@test.com,test
test871@test.com,test
test872@test.com,test
test873@test.com,test
test874@test.com,test
test875@test.com,test
test876@test.com,test
test877@test.com,test
test878@test.com,test
test879@test.com,test
test880@test.com,test
test881@test.com,test
test882@test.com,test
test883@test.com,test
test884@test.com,test
test885@test.com,test
test886@test.com,test
test887@test.com,test
test888@test.com,test
test889@test.com,test
test890@test.com,test
test891@test.com,test
test892@test.com,test
test893@test.com,test
test894@test.com,test
test895@test.com,test
test896@test.com,test
test897@test.com,test
test898@test.com,test
test899@test.com,test
test900@test.com,test
test901@test.com,test
test902@test.com,test
test903@test.com,test
test904@test.com,test
test905@test.com,test
test906@test.com,test
test907@test.com,test
test908@test.com,test
test909@test.com,test
test910@test.com,test
test911@test.com,test
test912@test.com,test
test913@test.com,test
test914@test.com,test
test915@test.com,test
test916@test.com,test
test917@test.com,test
test918@test.com,test
test919@test.com,test
test920@test.com,test
test921@test.com,test
test922@test.com,test
test923@test.com,test
test924@test.com,test
test925@test.com,test
test926@test.com,test
test927@test.com,test
test928@test.com,test
test929@test.com,test
test930@test.com,test
test931@test.com,test
test932@test.com,test
test933@test.com,test
test934@test.com,test
test935@test.com,test
test936@test.com,test
test937@test.com,test
test938@test.com,test
test939@test.com,test
test940@test.com,test
test941@test.com,test
test942@test.com,test
test943@test.com,test
test944@test.com,test
test945@test.com,test
test946@test.com,test
test947@test.com,test
test948@test.com,test
test949@test.com,test
test950@test.com,test
test951@test.com,test
test952@test.com,test
test953@test.com,test
test954@test.com,test
test955@test.com,test
test956@test.com,test
test957@test.com,test
test958@test.com,test
test959@test.com,test
test960@test.com,test
test961@test.com,test
test962@test.com,test
test963@test.com,test
test964@test.com,test
test965@test.com,test
test966@test.com,test
test967@test.com,test
test968@test.com,test
test969@test.com,test
test970@test.com,test
test971@test.com,test
test972@test.com,test
test973@test.com,test
test974@test.com,test
test975@test.com,test
test976@test.com,test
test977@test.com,test
test978@test.com,test
test979@test.com,test
test980@test.com,test
test981@test.com,test
test982@test.com,test
test983@test.com,test
test984@test.com,test
test985@test.com,test
test986@test.com,test
test987@test.com,test
test988@test.com,test
test989@test.com,test
test990@test.com,test
test991@test.com,test
test992@test.com,test
test993@test.com,test
test994@test.com,test
test995@test.com,test
test996@test.com,test
test997@test.com,test
test998@test.com,test
test999@test.com,test
